AbstractSpecification.java,AndSpecification.java,5
AbstractSpecification.java,NotSpecification.java,5
AbstractSpecification.java,OrSpecification.java,5
AdminAcceptanceTest.java,AbstractAcceptanceTest.java,100
AdminAcceptanceTest.java,AdminPage.java,90
AdminAcceptanceTest.java,CargoBookingPage.java,20
AdminAcceptanceTest.java,CargoDestinationPage.java,5
AdminAcceptanceTest.java,CargoDetailsPage.java,35
AdminPage.java,CargoBookingPage.java,30
AdminPage.java,CargoDetailsPage.java,30
AndSpecification.java,Specification.java,10
AndSpecificationTest.java,AlwaysFalseSpec.java,25
AndSpecificationTest.java,AlwaysTrueSpec.java,25
AndSpecificationTest.java,AndSpecification.java,40
BookingServiceFacadeImpl.java,BookingService.java,20
BookingServiceFacadeImpl.java,BookingServiceFacade.java,100
BookingServiceFacadeImpl.java,CargoRepository.java,10
BookingServiceFacadeImpl.java,CargoRoutingDTOAssembler.java,60
BookingServiceFacadeImpl.java,ItineraryCandidateDTOAssembler.java,60
BookingServiceFacadeImpl.java,LocationDTOAssembler.java,30
BookingServiceFacadeImpl.java,LocationRepository.java,5
BookingServiceFacadeImpl.java,TrackingId.java,125
BookingServiceFacadeImpl.java,UnLocode.java,90
BookingServiceImpl.java,BookingService.java,100
BookingServiceImpl.java,Cargo.java,35
BookingServiceImpl.java,CargoFactory.java,5
BookingServiceImpl.java,CargoRepository.java,30
BookingServiceImpl.java,LocationRepository.java,5
BookingServiceImpl.java,RouteSpecification.java,40
BookingServiceImpl.java,RoutingService.java,5
BookingServiceImpl.java,TrackingId.java,5
BookingServiceTest.java,BookingServiceImpl.java,35
BookingServiceTest.java,CargoFactory.java,30
BookingServiceTest.java,CargoRepository.java,10
BookingServiceTest.java,LocationRepository.java,15
BookingServiceTest.java,TrackingId.java,30
BookingServiceTest.java,UnLocode.java,60
Cargo.java,Cargo.java,15
Cargo.java,Delivery.java,25
Cargo.java,HandlingHistory.java,5
Cargo.java,Itinerary.java,100
Cargo.java,RouteSpecification.java,10
Cargo.java,TrackingId.java,70
CargoAdminController.java,BookingServiceFacade.java,50
CargoAdminController.java,LegDTO.java,30
CargoAdminController.java,LocationDTO.java,5
CargoAdminController.java,RegistrationCommand.java,15
CargoAdminController.java,RouteAssignmentCommand.java,45
CargoAdminController.java,RouteCandidateDTO.java,30
CargoBookingPage.java,CargoDetailsPage.java,30
CargoDestinationPage.java,CargoDetailsPage.java,30
CargoDetailsPage.java,AdminPage.java,30
CargoDetailsPage.java,CargoDestinationPage.java,30
CargoFactory.java,Cargo.java,30
CargoFactory.java,CargoRepository.java,5
CargoFactory.java,LocationRepository.java,10
CargoFactory.java,RouteSpecification.java,30
CargoHandledConsumer.java,CargoInspectionService.java,5
CargoHandledConsumer.java,TrackingId.java,30
CargoInspectionServiceImpl.java,ApplicationEvents.java,10
CargoInspectionServiceImpl.java,Cargo.java,15
CargoInspectionServiceImpl.java,CargoInspectionService.java,100
CargoInspectionServiceImpl.java,CargoRepository.java,10
CargoInspectionServiceImpl.java,Delivery.java,10
CargoInspectionServiceImpl.java,HandlingEventRepository.java,5
CargoLifecycleScenarioTest.java,BookingService.java,15
CargoLifecycleScenarioTest.java,BookingServiceImpl.java,30
CargoLifecycleScenarioTest.java,Cargo.java,265
CargoLifecycleScenarioTest.java,CargoFactory.java,30
CargoLifecycleScenarioTest.java,CargoInspectionServiceImpl.java,30
CargoLifecycleScenarioTest.java,CargoLifecycleScenarioTest.java,10
CargoLifecycleScenarioTest.java,CargoRepository.java,5
CargoLifecycleScenarioTest.java,CargoRepositoryInMem.java,30
CargoLifecycleScenarioTest.java,DateUtils.java,100
CargoLifecycleScenarioTest.java,Delivery.java,245
CargoLifecycleScenarioTest.java,HandlingActivity.java,180
CargoLifecycleScenarioTest.java,HandlingEventFactory.java,30
CargoLifecycleScenarioTest.java,HandlingEventRepositoryInMem.java,25
CargoLifecycleScenarioTest.java,HandlingEventService.java,45
CargoLifecycleScenarioTest.java,HandlingEventServiceImpl.java,30
CargoLifecycleScenarioTest.java,Itinerary.java,60
CargoLifecycleScenarioTest.java,Leg.java,150
CargoLifecycleScenarioTest.java,Location.java,55
CargoLifecycleScenarioTest.java,LocationRepositoryInMem.java,25
CargoLifecycleScenarioTest.java,RouteSpecification.java,35
CargoLifecycleScenarioTest.java,RoutingService.java,125
CargoLifecycleScenarioTest.java,SynchronousApplicationEventsStub.java,30
CargoLifecycleScenarioTest.java,UnLocode.java,30
CargoLifecycleScenarioTest.java,Voyage.java,30
CargoLifecycleScenarioTest.java,VoyageNumber.java,30
CargoLifecycleScenarioTest.java,VoyageRepositoryInMem.java,25
CargoRepositoryInMem.java,Cargo.java,40
CargoRepositoryInMem.java,CargoRepository.java,100
CargoRepositoryInMem.java,CargoRepositoryInMem.java,20
CargoRepositoryInMem.java,HandlingEventRepository.java,20
CargoRepositoryInMem.java,RouteSpecification.java,30
CargoRepositoryInMem.java,TrackingId.java,180
CargoRepositoryJPA.java,CargoRepository.java,100
CargoRepositoryJPA.java,CargoRepositoryJPA.java,10
CargoRepositoryJPA.java,TrackingId.java,35
CargoRepositoryTest.java,Cargo.java,75
CargoRepositoryTest.java,CargoRepository.java,45
CargoRepositoryTest.java,CargoRepositoryTest.java,30
CargoRepositoryTest.java,DateUtils.java,10
CargoRepositoryTest.java,HandlingEvent.java,30
CargoRepositoryTest.java,HandlingEventRepository.java,5
CargoRepositoryTest.java,HandlingHistory.java,5
CargoRepositoryTest.java,Itinerary.java,70
CargoRepositoryTest.java,Leg.java,60
CargoRepositoryTest.java,Location.java,20
CargoRepositoryTest.java,LocationRepository.java,30
CargoRepositoryTest.java,RouteSpecification.java,40
CargoRepositoryTest.java,TrackingId.java,135
CargoRepositoryTest.java,UnLocode.java,60
CargoRepositoryTest.java,Voyage.java,20
CargoRepositoryTest.java,VoyageNumber.java,30
CargoRepositoryTest.java,VoyageRepository.java,10
CargoRoutingDTO.java,LegDTO.java,30
CargoRoutingDTOAssembler.java,Cargo.java,30
CargoRoutingDTOAssembler.java,CargoRoutingDTO.java,35
CargoRoutingDTOAssembler.java,Delivery.java,5
CargoRoutingDTOAssembler.java,Itinerary.java,5
CargoRoutingDTOAssembler.java,Leg.java,25
CargoRoutingDTOAssembler.java,Location.java,20
CargoRoutingDTOAssembler.java,RouteSpecification.java,10
CargoRoutingDTOAssembler.java,RoutingStatus.java,5
CargoRoutingDTOAssembler.java,TrackingId.java,5
CargoRoutingDTOAssembler.java,UnLocode.java,20
CargoRoutingDTOAssembler.java,Voyage.java,5
CargoRoutingDTOAssembler.java,VoyageNumber.java,5
CargoRoutingDTOAssemblerTest.java,Cargo.java,65
CargoRoutingDTOAssemblerTest.java,CargoRoutingDTO.java,35
CargoRoutingDTOAssemblerTest.java,CargoRoutingDTOAssembler.java,60
CargoRoutingDTOAssemblerTest.java,Itinerary.java,30
CargoRoutingDTOAssemblerTest.java,Leg.java,60
CargoRoutingDTOAssemblerTest.java,LegDTO.java,30
CargoRoutingDTOAssemblerTest.java,RouteSpecification.java,60
CargoRoutingDTOAssemblerTest.java,TrackingId.java,60
CargoTest.java,Cargo.java,655
CargoTest.java,CargoTest.java,150
CargoTest.java,DateUtils.java,5
CargoTest.java,Delivery.java,115
CargoTest.java,HandlingEvent.java,1200
CargoTest.java,HandlingHistory.java,420
CargoTest.java,Itinerary.java,90
CargoTest.java,Leg.java,60
CargoTest.java,RouteSpecification.java,590
CargoTest.java,TrackingId.java,420
CargoTest.java,Voyage.java,90
CargoTest.java,VoyageNumber.java,60
CargoTrackingController.java,CargoRepository.java,5
CargoTrackingController.java,CargoTrackingViewAdapter.java,30
CargoTrackingController.java,HandlingEventRepository.java,5
CargoTrackingController.java,HandlingHistory.java,5
CargoTrackingController.java,TrackCommand.java,35
CargoTrackingController.java,TrackCommandValidator.java,30
CargoTrackingController.java,TrackingId.java,30
CargoTrackingControllerTest.java,CargoRepositoryInMem.java,40
CargoTrackingControllerTest.java,CargoTrackingController.java,30
CargoTrackingControllerTest.java,CargoTrackingControllerTest.java,25
CargoTrackingControllerTest.java,CargoTrackingViewAdapter.java,5
CargoTrackingControllerTest.java,HandlingEventRepositoryInMem.java,50
CargoTrackingDTOConverter.java,Cargo.java,35
CargoTrackingDTOConverter.java,CargoTrackingDTO.java,30
CargoTrackingDTOConverter.java,CargoTrackingDTOConverter.java,35
CargoTrackingDTOConverter.java,Delivery.java,35
CargoTrackingDTOConverter.java,HandlingActivity.java,30
CargoTrackingDTOConverter.java,HandlingEvent.java,65
CargoTrackingDTOConverter.java,Itinerary.java,5
CargoTrackingDTOConverter.java,Location.java,40
CargoTrackingDTOConverter.java,RouteSpecification.java,5
CargoTrackingDTOConverter.java,TrackingId.java,5
CargoTrackingDTOConverter.java,Voyage.java,25
CargoTrackingDTOConverter.java,VoyageNumber.java,15
CargoTrackingDTOConverterTest.java,Cargo.java,125
CargoTrackingDTOConverterTest.java,CargoTrackingDTOConverter.java,30
CargoTrackingDTOConverterTest.java,CargoTrackingDTOConverterTest.java,80
CargoTrackingDTOConverterTest.java,CarrierMovement.java,60
CargoTrackingDTOConverterTest.java,HandlingActivity.java,210
CargoTrackingDTOConverterTest.java,HandlingEvent.java,180
CargoTrackingDTOConverterTest.java,HandlingHistory.java,60
CargoTrackingDTOConverterTest.java,Location.java,360
CargoTrackingDTOConverterTest.java,RouteSpecification.java,90
CargoTrackingDTOConverterTest.java,Schedule.java,60
CargoTrackingDTOConverterTest.java,TrackingId.java,90
CargoTrackingDTOConverterTest.java,UnLocode.java,360
CargoTrackingDTOConverterTest.java,Voyage.java,60
CargoTrackingDTOConverterTest.java,VoyageNumber.java,60
CargoTrackingRestService.java,CargoRepository.java,5
CargoTrackingRestService.java,CargoTrackingDTOConverter.java,5
CargoTrackingRestService.java,HandlingEventRepository.java,5
CargoTrackingRestService.java,HandlingHistory.java,5
CargoTrackingRestService.java,TrackingId.java,30
CargoTrackingViewAdapter.java,Cargo.java,40
CargoTrackingViewAdapter.java,CargoTrackingViewAdapter.java,50
CargoTrackingViewAdapter.java,Delivery.java,35
CargoTrackingViewAdapter.java,HandlingActivity.java,30
CargoTrackingViewAdapter.java,HandlingEvent.java,65
CargoTrackingViewAdapter.java,Itinerary.java,5
CargoTrackingViewAdapter.java,Location.java,35
CargoTrackingViewAdapter.java,RouteSpecification.java,5
CargoTrackingViewAdapter.java,TrackingId.java,5
CargoTrackingViewAdapter.java,Voyage.java,25
CargoTrackingViewAdapter.java,VoyageNumber.java,15
CargoTrackingViewAdapterTest.java,Cargo.java,35
CargoTrackingViewAdapterTest.java,CargoTrackingViewAdapter.java,130
CargoTrackingViewAdapterTest.java,HandlingEvent.java,90
CargoTrackingViewAdapterTest.java,HandlingHistory.java,30
CargoTrackingViewAdapterTest.java,RouteSpecification.java,30
CargoTrackingViewAdapterTest.java,TrackingId.java,30
CarrierMovement.java,CarrierMovement.java,35
CarrierMovementRepositoryTest.java,Voyage.java,5
CarrierMovementRepositoryTest.java,VoyageNumber.java,35
CarrierMovementRepositoryTest.java,VoyageRepository.java,5
CarrierMovementTest.java,CarrierMovement.java,270
CustomerAcceptanceTest.java,AbstractAcceptanceTest.java,100
CustomerAcceptanceTest.java,CustomerPage.java,60
DDDSampleApplicationContext.java,BookingServiceImpl.java,30
DDDSampleApplicationContext.java,CargoFactory.java,30
DDDSampleApplicationContext.java,CargoInspectionServiceImpl.java,30
DDDSampleApplicationContext.java,ExternalRoutingService.java,30
DDDSampleApplicationContext.java,HandlingEventFactory.java,30
DDDSampleApplicationContext.java,HandlingEventServiceImpl.java,30
DDDSampleApplicationContext.java,SampleDataGenerator.java,35
DateUtils.java,DateUtils.java,5
Delivery.java,Delivery.java,120
Delivery.java,HandlingActivity.java,150
Delivery.java,HandlingEvent.java,45
Delivery.java,HandlingHistory.java,5
Delivery.java,Itinerary.java,25
Delivery.java,Leg.java,45
Delivery.java,Location.java,15
Delivery.java,RouteSpecification.java,15
ExternalRoutingService.java,ExternalRoutingService.java,5
ExternalRoutingService.java,GraphTraversalService.java,5
ExternalRoutingService.java,Itinerary.java,30
ExternalRoutingService.java,Leg.java,30
ExternalRoutingService.java,Location.java,10
ExternalRoutingService.java,LocationRepository.java,10
ExternalRoutingService.java,RouteSpecification.java,20
ExternalRoutingService.java,RoutingService.java,100
ExternalRoutingService.java,TransitEdge.java,25
ExternalRoutingService.java,TransitPath.java,10
ExternalRoutingService.java,UnLocode.java,70
ExternalRoutingService.java,VoyageNumber.java,30
ExternalRoutingService.java,VoyageRepository.java,5
ExternalRoutingServiceTest.java,Cargo.java,40
ExternalRoutingServiceTest.java,ExternalRoutingService.java,35
ExternalRoutingServiceTest.java,GraphDAOStub.java,125
ExternalRoutingServiceTest.java,GraphTraversalServiceImpl.java,30
ExternalRoutingServiceTest.java,Itinerary.java,5
ExternalRoutingServiceTest.java,Leg.java,20
ExternalRoutingServiceTest.java,Location.java,15
ExternalRoutingServiceTest.java,LocationRepositoryInMem.java,25
ExternalRoutingServiceTest.java,RouteSpecification.java,35
ExternalRoutingServiceTest.java,TrackingId.java,30
ExternalRoutingServiceTest.java,UnLocode.java,15
ExternalRoutingServiceTest.java,VoyageRepository.java,5
GraphDAOStub.java,GraphDAO.java,100
GraphTraversalServiceImpl.java,GraphDAO.java,10
GraphTraversalServiceImpl.java,GraphTraversalService.java,100
GraphTraversalServiceImpl.java,GraphTraversalServiceImpl.java,25
GraphTraversalServiceImpl.java,TransitEdge.java,30
GraphTraversalServiceImpl.java,TransitPath.java,30
HandlingActivity.java,HandlingActivity.java,5
HandlingEvent.java,Cargo.java,5
HandlingEvent.java,HandlingEvent.java,20
HandlingEvent.java,Location.java,5
HandlingEvent.java,Voyage.java,5
HandlingEventFactory.java,CannotCreateHandlingEventException.java,30
HandlingEventFactory.java,CargoRepository.java,5
HandlingEventFactory.java,HandlingEvent.java,60
HandlingEventFactory.java,HandlingEventFactory.java,15
HandlingEventFactory.java,LocationRepository.java,5
HandlingEventFactory.java,UnknownCargoException.java,30
HandlingEventFactory.java,UnknownLocationException.java,30
HandlingEventFactory.java,UnknownVoyageException.java,30
HandlingEventFactory.java,VoyageRepository.java,5
HandlingEventFactoryTest.java,Cargo.java,30
HandlingEventFactoryTest.java,CargoRepository.java,25
HandlingEventFactoryTest.java,HandlingEvent.java,50
HandlingEventFactoryTest.java,HandlingEventFactory.java,55
HandlingEventFactoryTest.java,Location.java,20
HandlingEventFactoryTest.java,LocationRepositoryInMem.java,25
HandlingEventFactoryTest.java,RouteSpecification.java,30
HandlingEventFactoryTest.java,TrackingId.java,30
HandlingEventFactoryTest.java,UnLocode.java,30
HandlingEventFactoryTest.java,Voyage.java,15
HandlingEventFactoryTest.java,VoyageNumber.java,30
HandlingEventFactoryTest.java,VoyageRepositoryInMem.java,25
HandlingEventRegistrationAttemptConsumer.java,HandlingEventRegistrationAttempt.java,25
HandlingEventRegistrationAttemptConsumer.java,HandlingEventService.java,5
HandlingEventRepositoryInMem.java,Cargo.java,5
HandlingEventRepositoryInMem.java,HandlingEvent.java,5
HandlingEventRepositoryInMem.java,HandlingEventRepository.java,100
HandlingEventRepositoryInMem.java,HandlingHistory.java,30
HandlingEventRepositoryJPA.java,HandlingEventRepository.java,100
HandlingEventRepositoryJPA.java,HandlingEventRepositoryJPA.java,5
HandlingEventRepositoryJPA.java,HandlingHistory.java,30
HandlingEventRepositoryJPA.java,TrackingId.java,5
HandlingEventRepositoryTest.java,CargoRepository.java,5
HandlingEventRepositoryTest.java,HandlingEvent.java,30
HandlingEventRepositoryTest.java,HandlingEventRepository.java,10
HandlingEventRepositoryTest.java,HandlingEventRepositoryTest.java,5
HandlingEventRepositoryTest.java,HandlingHistory.java,5
HandlingEventRepositoryTest.java,LocationRepository.java,5
HandlingEventRepositoryTest.java,TrackingId.java,60
HandlingEventRepositoryTest.java,UnLocode.java,30
HandlingEventServiceImpl.java,ApplicationEvents.java,5
HandlingEventServiceImpl.java,HandlingEventFactory.java,5
HandlingEventServiceImpl.java,HandlingEventRepository.java,5
HandlingEventServiceImpl.java,HandlingEventService.java,100
HandlingEventServiceTest.java,ApplicationEvents.java,5
HandlingEventServiceTest.java,Cargo.java,40
HandlingEventServiceTest.java,CargoRepository.java,5
HandlingEventServiceTest.java,HandlingEventFactory.java,30
HandlingEventServiceTest.java,HandlingEventRepository.java,5
HandlingEventServiceTest.java,HandlingEventServiceImpl.java,35
HandlingEventServiceTest.java,Location.java,10
HandlingEventServiceTest.java,LocationRepository.java,5
HandlingEventServiceTest.java,RouteSpecification.java,30
HandlingEventServiceTest.java,TrackingId.java,30
HandlingEventServiceTest.java,Voyage.java,10
HandlingEventServiceTest.java,VoyageRepository.java,5
HandlingEventTest.java,Cargo.java,30
HandlingEventTest.java,HandlingEvent.java,390
HandlingEventTest.java,RouteSpecification.java,30
HandlingEventTest.java,TrackingId.java,30
HandlingHistory.java,HandlingHistory.java,70
HandlingHistoryTest.java,Cargo.java,30
HandlingHistoryTest.java,DateUtils.java,20
HandlingHistoryTest.java,HandlingEvent.java,90
HandlingHistoryTest.java,HandlingHistory.java,40
HandlingHistoryTest.java,RouteSpecification.java,30
HandlingHistoryTest.java,TrackingId.java,30
HandlingHistoryTest.java,Voyage.java,45
HandlingHistoryTest.java,VoyageNumber.java,30
HandlingReportIntegrationTest.java,Cargo.java,5
HandlingReportIntegrationTest.java,HandlingEvent.java,5
HandlingReportIntegrationTest.java,HandlingEventRepository.java,5
HandlingReportIntegrationTest.java,HandlingHistory.java,5
HandlingReportIntegrationTest.java,TrackingId.java,35
HandlingReportParser.java,HandlingReport.java,25
HandlingReportParser.java,HandlingReportParser.java,25
HandlingReportParser.java,TrackingId.java,30
HandlingReportParser.java,UnLocode.java,30
HandlingReportParser.java,VoyageNumber.java,30
HandlingReportParserTest.java,HandlingReportParser.java,40
HandlingReportServiceImpl.java,HandlingReportParser.java,5
HandlingReportServiceImpl.java,HandlingReportService.java,100
InfrastructureMessagingJmsConfig.java,CargoHandledConsumer.java,30
InfrastructureMessagingJmsConfig.java,HandlingEventRegistrationAttemptConsumer.java,60
InfrastructureMessagingJmsConfig.java,InfrastructureMessagingJmsConfig.java,25
InfrastructureMessagingJmsConfig.java,JmsApplicationEventsImpl.java,30
InfrastructureMessagingJmsConfig.java,SimpleLoggingConsumer.java,75
InterfacesApplicationContext.java,BookingServiceFacadeImpl.java,30
InterfacesApplicationContext.java,CargoAdminController.java,30
InterfacesApplicationContext.java,CargoTrackingController.java,30
InterfacesApplicationContext.java,CargoTrackingRestService.java,30
InterfacesApplicationContext.java,TrackCommandValidator.java,25
InterfacesApplicationContext.java,UploadDirectoryScanner.java,30
Itinerary.java,HandlingEvent.java,50
Itinerary.java,Itinerary.java,50
Itinerary.java,Leg.java,45
Itinerary.java,Location.java,20
Itinerary.java,Voyage.java,10
ItineraryCandidateDTOAssembler.java,Itinerary.java,40
ItineraryCandidateDTOAssembler.java,ItineraryCandidateDTOAssembler.java,5
ItineraryCandidateDTOAssembler.java,Leg.java,55
ItineraryCandidateDTOAssembler.java,LegDTO.java,55
ItineraryCandidateDTOAssembler.java,Location.java,10
ItineraryCandidateDTOAssembler.java,LocationRepository.java,10
ItineraryCandidateDTOAssembler.java,RouteCandidateDTO.java,40
ItineraryCandidateDTOAssembler.java,UnLocode.java,70
ItineraryCandidateDTOAssembler.java,Voyage.java,5
ItineraryCandidateDTOAssembler.java,VoyageNumber.java,35
ItineraryCandidateDTOAssembler.java,VoyageRepository.java,5
ItineraryCandidateDTOAssemblerTest.java,Itinerary.java,50
ItineraryCandidateDTOAssemblerTest.java,ItineraryCandidateDTOAssembler.java,60
ItineraryCandidateDTOAssemblerTest.java,Leg.java,80
ItineraryCandidateDTOAssemblerTest.java,LegDTO.java,90
ItineraryCandidateDTOAssemblerTest.java,LocationRepository.java,15
ItineraryCandidateDTOAssemblerTest.java,RouteCandidateDTO.java,45
ItineraryCandidateDTOAssemblerTest.java,UnLocode.java,90
ItineraryCandidateDTOAssemblerTest.java,VoyageRepositoryInMem.java,25
ItinerarySelectionCommandTest.java,RouteAssignmentCommand.java,35
ItineraryTest.java,Cargo.java,30
ItineraryTest.java,CarrierMovement.java,120
ItineraryTest.java,HandlingEvent.java,330
ItineraryTest.java,Itinerary.java,85
ItineraryTest.java,Leg.java,60
ItineraryTest.java,RouteSpecification.java,30
ItineraryTest.java,TrackingId.java,30
ItineraryTest.java,Voyage.java,90
ItineraryTest.java,VoyageNumber.java,60
JmsApplicationEventsImpl.java,ApplicationEvents.java,100
JmsApplicationEventsImpl.java,HandlingEvent.java,5
Leg.java,Leg.java,5
LegTest.java,Leg.java,30
Location.java,Location.java,35
Location.java,UnLocode.java,65
LocationDTOAssembler.java,Location.java,10
LocationDTOAssembler.java,LocationDTO.java,30
LocationDTOAssembler.java,LocationDTOAssembler.java,5
LocationDTOAssembler.java,UnLocode.java,5
LocationDTOAssemblerTest.java,LocationDTO.java,20
LocationDTOAssemblerTest.java,LocationDTOAssembler.java,30
LocationRepositoryInMem.java,Location.java,5
LocationRepositoryInMem.java,LocationRepository.java,100
LocationRepositoryInMem.java,SampleLocations.java,10
LocationRepositoryInMem.java,UnLocode.java,5
LocationRepositoryJPA.java,LocationRepository.java,100
LocationRepositoryJPA.java,LocationRepositoryJPA.java,5
LocationRepositoryJPA.java,UnLocode.java,5
LocationRepositoryTest.java,Location.java,5
LocationRepositoryTest.java,LocationRepository.java,15
LocationRepositoryTest.java,UnLocode.java,60
LocationTest.java,Location.java,205
LocationTest.java,UnLocode.java,150
NotSpecification.java,Specification.java,5
NotSpecificationTest.java,AlwaysFalseSpec.java,25
NotSpecificationTest.java,AlwaysTrueSpec.java,25
NotSpecificationTest.java,NotSpecification.java,20
OrSpecification.java,Specification.java,10
OrSpecificationTest.java,AlwaysFalseSpec.java,25
OrSpecificationTest.java,AlwaysTrueSpec.java,25
OrSpecificationTest.java,OrSpecification.java,40
PathfinderApplicationContext.java,GraphDAOStub.java,25
PathfinderApplicationContext.java,GraphTraversalServiceImpl.java,30
PathfinderApplicationContext.java,PathfinderApplicationContext.java,5
RouteSpecification.java,Itinerary.java,15
RouteSpecification.java,Location.java,15
RouteSpecification.java,RouteSpecification.java,20
RouteSpecificationTest.java,DateUtils.java,90
RouteSpecificationTest.java,Itinerary.java,30
RouteSpecificationTest.java,Leg.java,60
RouteSpecificationTest.java,RouteSpecification.java,140
RouteSpecificationTest.java,Voyage.java,95
RouteSpecificationTest.java,VoyageNumber.java,60
SampleDataGenerator.java,Cargo.java,80
SampleDataGenerator.java,CargoRepository.java,20
SampleDataGenerator.java,DateUtils.java,105
SampleDataGenerator.java,HandlingEventFactory.java,65
SampleDataGenerator.java,HandlingEventRepository.java,45
SampleDataGenerator.java,Itinerary.java,60
SampleDataGenerator.java,Leg.java,180
SampleDataGenerator.java,Location.java,35
SampleDataGenerator.java,LocationRepository.java,5
SampleDataGenerator.java,RouteSpecification.java,60
SampleDataGenerator.java,SampleDataGenerator.java,15
SampleDataGenerator.java,SampleLocations.java,5
SampleDataGenerator.java,TrackingId.java,60
SampleDataGenerator.java,Voyage.java,25
SampleDataGenerator.java,VoyageRepository.java,25
SampleLocations.java,Location.java,395
SampleLocations.java,UnLocode.java,390
SampleVoyages.java,CarrierMovement.java,30
SampleVoyages.java,DateUtils.java,250
SampleVoyages.java,SampleVoyages.java,30
SampleVoyages.java,Schedule.java,30
SampleVoyages.java,Voyage.java,475
SampleVoyages.java,VoyageNumber.java,300
Schedule.java,Schedule.java,35
SynchronousApplicationEventsStub.java,ApplicationEvents.java,100
SynchronousApplicationEventsStub.java,Cargo.java,10
SynchronousApplicationEventsStub.java,CargoInspectionService.java,5
SynchronousApplicationEventsStub.java,HandlingEvent.java,5
SynchronousApplicationEventsStub.java,TrackingId.java,5
TestRepositoryConfig.java,UploadDirectoryScanner.java,225
TrackCommandValidatorTest.java,TrackCommand.java,55
TrackCommandValidatorTest.java,TrackCommandValidator.java,35
TrackingId.java,TrackingId.java,5
UnLocode.java,UnLocode.java,10
UnLocodeTest.java,UnLocode.java,250
UnknownCargoException.java,CannotCreateHandlingEventException.java,100
UnknownCargoException.java,TrackingId.java,5
UnknownLocationException.java,CannotCreateHandlingEventException.java,100
UnknownLocationException.java,UnLocode.java,5
UnknownVoyageException.java,CannotCreateHandlingEventException.java,100
UnknownVoyageException.java,VoyageNumber.java,5
UploadDirectoryScanner.java,ApplicationEvents.java,5
UploadDirectoryScanner.java,HandlingEventRegistrationAttempt.java,30
UploadDirectoryScanner.java,HandlingReportParser.java,25
UploadDirectoryScanner.java,UploadDirectoryScanner.java,35
UploadDirectoryScannerTest.java,ApplicationEvents.java,5
UploadDirectoryScannerTest.java,UploadDirectoryScanner.java,70
ValueObjectSupport.java,ValueObjectSupport.java,5
ValueObjectSupportTest.java,ValueObjectSupport.java,20
ValueObjectSupportTest.java,ValueObjectSupportTest.java,195
Voyage.java,CarrierMovement.java,30
Voyage.java,Schedule.java,65
Voyage.java,Voyage.java,75
Voyage.java,VoyageNumber.java,70
VoyageNumber.java,VoyageNumber.java,5
VoyageRepositoryInMem.java,SampleVoyages.java,5
VoyageRepositoryInMem.java,VoyageRepository.java,100
VoyageRepositoryJPA.java,VoyageNumber.java,5
VoyageRepositoryJPA.java,VoyageRepository.java,100
VoyageRepositoryJPA.java,VoyageRepositoryJPA.java,5
