AccountActionBean.java,AbstractActionBean.java,105
AccountActionBean.java,Account.java,105
AccountActionBean.java,AccountActionBean.java,20
AccountActionBean.java,AccountService.java,25
AccountActionBean.java,CatalogService.java,15
AccountActionBeanTest.java,AbstractActionBean.java,5
AccountActionBeanTest.java,Account.java,80
AccountActionBeanTest.java,AccountActionBean.java,175
AccountMapperTest.java,Account.java,680
AccountMapperTest.java,AccountMapper.java,40
AccountService.java,Account.java,5
AccountService.java,AccountMapper.java,35
AccountServiceTest.java,Account.java,105
AccountServiceTest.java,AccountMapper.java,40
AccountServiceTest.java,AccountService.java,20
Cart.java,CartItem.java,60
Cart.java,Item.java,10
CartActionBean.java,AbstractActionBean.java,105
CartActionBean.java,Cart.java,80
CartActionBean.java,CartActionBean.java,10
CartActionBean.java,CartItem.java,5
CartActionBean.java,CatalogService.java,10
CartActionBean.java,Item.java,5
CartItem.java,CartItem.java,15
CartTest.java,Cart.java,410
CartTest.java,CartItem.java,80
CartTest.java,Item.java,245
CatalogActionBean.java,AbstractActionBean.java,105
CatalogActionBean.java,CatalogService.java,30
CatalogActionBean.java,Item.java,5
CatalogActionBeanTest.java,AbstractActionBean.java,5
CatalogActionBeanTest.java,CatalogActionBean.java,325
CatalogService.java,CategoryMapper.java,10
CatalogService.java,ItemMapper.java,15
CatalogService.java,ProductMapper.java,15
CatalogServiceTest.java,CatalogService.java,45
CatalogServiceTest.java,Category.java,25
CatalogServiceTest.java,CategoryMapper.java,10
CatalogServiceTest.java,Item.java,25
CatalogServiceTest.java,ItemMapper.java,20
CatalogServiceTest.java,Product.java,75
CatalogServiceTest.java,ProductMapper.java,20
Category.java,Category.java,5
CategoryMapperTest.java,Category.java,90
CategoryMapperTest.java,CategoryMapper.java,10
Item.java,Item.java,10
Item.java,Product.java,5
ItemMapperTest.java,Item.java,210
ItemMapperTest.java,ItemMapper.java,20
ItemMapperTest.java,Product.java,60
LineItem.java,CartItem.java,20
LineItem.java,Item.java,10
LineItem.java,LineItem.java,15
LineItemMapperTest.java,LineItem.java,175
LineItemMapperTest.java,LineItemMapper.java,15
MapperTestContext.java,MapperTestContext.java,15
Order.java,Account.java,85
Order.java,Cart.java,10
Order.java,LineItem.java,30
Order.java,Order.java,10
OrderActionBean.java,AbstractActionBean.java,125
OrderActionBean.java,Account.java,10
OrderActionBean.java,AccountActionBean.java,20
OrderActionBean.java,CartActionBean.java,10
OrderActionBean.java,Order.java,75
OrderActionBean.java,OrderActionBean.java,15
OrderActionBean.java,OrderService.java,15
OrderActionBeanTest.java,AbstractActionBean.java,5
OrderActionBeanTest.java,OrderActionBean.java,115
OrderMapperTest.java,Order.java,1105
OrderMapperTest.java,OrderMapper.java,40
OrderService.java,LineItemMapper.java,5
OrderService.java,Order.java,25
OrderService.java,OrderMapper.java,20
OrderService.java,OrderService.java,5
OrderService.java,Sequence.java,70
OrderService.java,SequenceMapper.java,10
OrderServiceTest.java,Item.java,30
OrderServiceTest.java,ItemMapper.java,15
OrderServiceTest.java,LineItem.java,80
OrderServiceTest.java,LineItemMapper.java,15
OrderServiceTest.java,Order.java,95
OrderServiceTest.java,OrderMapper.java,25
OrderServiceTest.java,OrderService.java,35
OrderServiceTest.java,Sequence.java,60
OrderServiceTest.java,SequenceMapper.java,30
OrderTest.java,Account.java,150
OrderTest.java,Cart.java,35
OrderTest.java,Item.java,35
OrderTest.java,LineItem.java,30
OrderTest.java,Order.java,170
Product.java,Product.java,5
ProductMapperTest.java,Product.java,155
ProductMapperTest.java,ProductMapper.java,15
ScreenTransitionIT.java,ScreenTransitionIT.java,10
SequenceMapperTest.java,Sequence.java,70
SequenceMapperTest.java,SequenceMapper.java,10
